=====>>>> OUTPUT <<<<=======

mysql> select * from answer;
+----------+-----------------------------------+
| AnswerId | answer                            |
+----------+-----------------------------------+
|      344 | Java is Object Oriented Language: |
+----------+-----------------------------------+
1 row in set (0.00 sec)

mysql> select * from question;
+------------+---------------+-----------------+
| QuestionId | question      | answer_AnswerId |
+------------+---------------+-----------------+
|        144 | What is java? |             344 |
+------------+---------------+-----------------+
1 row in set (0.00 sec)
